# Fork seams in upstream files, checked by scripts/fork/loom.sh after every merge.
# path<TAB>marker<TAB>minimum marked lines. Rows with marker "-" are files that
# cannot carry a comment; the third column is text the file must still contain.
apps/desktop/resources/dmg/dmg-background-latest.svg	brand	2
apps/desktop/resources/dmg/dmg-background-nightly.svg	brand	2
apps/desktop/src/app/DesktopAppIdentity.test.ts	brand	2
apps/desktop/src/app/DesktopEnvironment.ts	brand	3
apps/web/index.html	brand	2
apps/web/src/branding.logic.ts	brand	2
apps/web/src/branding.test.ts	brand	2
apps/web/src/branding.ts	brand	2
apps/web/src/components/sidebar/SidebarChrome.tsx	brand	2
scripts/build-desktop-artifact.test.ts	brand	5
scripts/build-desktop-artifact.ts	brand	7
packages/shared/package.json	-	"./brand"
apps/server/src/environment/ServerEnvironment.ts	ext-core	2
apps/server/src/server.ts	ext-core	3
apps/server/src/ws.ts	ext-core	4
packages/client-runtime/src/rpc/client.ts	ext-core	3
packages/client-runtime/src/rpc/protocol.ts	ext-core	2
packages/contracts/src/environment.ts	ext-core	2
packages/client-runtime/package.json	-	"./fork"
packages/contracts/package.json	-	"./fork"
apps/web/src/routes/__root.tsx	ext-web-root	2
apps/web/src/components/ChatView.tsx	ext-panels	9
apps/web/src/components/RightPanelTabs.tsx	ext-panels	8
apps/web/src/rightPanelStore.ts	ext-panels	8
apps/web/src/components/CommandPalette.tsx	ext-palette	3
packages/contracts/src/keybindings.ts	ext-keybindings	2
apps/server/src/provider/Drivers/CodexHomeLayout.ts	codex-shadow-images	1
apps/server/src/provider/Drivers/CodexHomeLayout.test.ts	codex-shadow-images	1
apps/server/src/provider/CodexProvider.ts	codex-login-email	2
packages/contracts/src/settings.ts	switchboard	2
apps/server/src/provider/codexLaunchArgs.ts	switchboard	2
apps/server/src/orchestration-v2/Adapters/ClaudeAdapterV2.ts	switchboard	2
apps/server/src/textGeneration/ClaudeTextGeneration.ts	switchboard	2
apps/web/src/components/chat/ProviderModelPicker.tsx	switchboard	3
apps/web/src/components/settings/UsageProviderSettings.tsx	switchboard	2
apps/web/src/components/files/FilePreviewPanel.tsx	file-outline	3
apps/web/src/components/settings/settingsSearch.ts	ext-settings	3
apps/web/src/components/settings/SettingsSidebarNav.tsx	ext-settings	2
apps/web/src/routes/settings.loom.tsx	-	/settings/loom
apps/web/src/routeTree.gen.ts	-	/settings/loom
apps/server/src/mcp/McpHttpServer.ts	ext-mcp	2
apps/server/src/observability/RpcInstrumentation.ts	ext-core	1
packages/contracts/src/clientRpcPermissions.ts	ext-core	3
apps/web/src/reopenClosedView.ts	ext-panels	1
apps/web/src/closedViewStore.ts	ext-panels	2
apps/server/src/auth/RpcAuthorization.ts	ext-core	1
packages/client-runtime/src/state/runtime.ts	ext-core	1
packages/client-runtime/src/state/usage.test.ts	ext-core	1
apps/server/src/processRunner.ts	pcb-preview	2
apps/server/src/processRunner.test.ts	pcb-preview	2
packages/client-runtime/src/state/commandPermissions.test.ts	pcb-preview	3
apps/server/src/binCli.ts	ext-cli	2
